gene,scaffold_orycun,position_orycun,white_allele,brown_allele
corin,2,36198394,T,G
corin,2,36337394,T,C
corin,2,36337692,T,C
corin,2,36339237,G,T
corin,2,36345330,G,T
corin,2,36355364,T,C
corin,2,36357641,T,G
corin,2,36361155,A,G
corin,2,36370674,A,G
corin,2,36371255,T,C
corin,2,36447917,C,A
corin,2,36457059,T,C
corin,2,36457316,C,G
asip,4,5424640,T,C
asip,4,5431934,A,T
asip,4,5433246,T,G
asip,4,5434348,T,C
asip,4,5436267,T,C
asip,4,5438311,T,C
asip,4,5439658,A,G
asip,4,5440519,A,G
asip,4,5445968,A,G
asip,4,5457518,A,G
asip,4,5461010,A,T
asip,4,5464507,A,G
ednrb,8,79633762,T,A
ednrb,8,79646450,A,G
ednrb,8,79646532,A,C
ednrb,8,79648139,A,C
ednrb,8,79695542,T,C
ednrb,8,79695631,T,C
ednrb,8,79701598,T,C
ednrb,8,79713008,G,C
ednrb,8,79721287,T,C
,,,,